selfies,y,source_split
[N][#C][C][=C][C][=C][C][C][=C][NH1][C][Ring1][=Branch2][=Ring1][Branch1],8.257499923075219,train
[Br][C][C][=C][C][=N][S][N][=C][Ring1][Branch1][C][=Ring1][=Branch2][C][C][=C][O][C][=Ring1][Branch1][C][=N][C][=C][C][=C][C][=C][Ring1][=Branch1][S][Ring1][=Branch2],7.504054593611149,train
[C][O][C][=C][C][=C][Branch2][Ring2][Ring2][C][=N][C][=C][Branch1][P][C][=C][Ring1][=Branch1][C][=C][C][=C][C][=C][Ring1][=Branch1][C][C][Ring1][#Branch2][C][=C][C][=C][C][=C][Ring1][=Branch1][C][C][Ring2][Ring1][Ring2][C][=C][Ring2][Ring1][N],6.610217220122128,train
[N][#C][C][=C][C][=C][C][=C][C][=C][Ring1][=Branch1][NH1][Ring1][=Branch2],8.276299799707136,train
[C][C][N][Branch1][Ring1][C][C][C][=C][C][=C][Branch2][Ring2][Ring2][C][=N][C][=C][Branch1][P][C][=C][Ring1][=Branch1][C][=C][C][=C][C][=C][Ring1][=Branch1][C][C][Ring1][#Branch2][C][=C][C][=C][C][=C][Ring1][=Branch1][C][C][Ring2][Ring1][Ring2][C][=C][Ring2][Ring1][N],6.1060034531799525,train
[C][O][C][=C][C][Branch1][=Branch1][C][=Branch1][C][=O][O][=C][C][=C][Ring1][=Branch2][O],8.038704326773221,train
[O][=C][C][=C][C][=C][C][=C][Ring1][=Branch1][C][=Branch1][C][=O][C][=C][C][Branch2][Ring1][S][C][=C][C][=C][Branch2][Ring1][Ring2][N][Branch1][=Branch2][C][=C][C][=C][C][=C][Ring1][=Branch1][C][=C][C][=C][C][=C][Ring1][=Branch1][C][=C][Ring2][Ring1][Ring1][=C][C][=C][Ring2][Ring1][=Branch2][Ring2][Ring2][C],6.608894219405898,train
[C][O][C][=C][C][Branch1][Ring1][O][C][=C][C][=C][Branch1][Ring1][C][#N][C][=Branch1][C][=N][O][C][Ring1][=Branch2][=C][Ring1][#C],7.886250327647875,train
[O][=C][C][=C][C][=C][C][=C][C][=C][C][=C][C][=C][C][=C][Ring1][=C][C][Ring1][N][=C][Ring1][#Branch2][Ring1][=Branch1],7.63087355150603,train
[C][C][=Branch1][C][=O][C][=C][C][=C][C][=C][C][=C][C][=C][C][=C][C][=C][Ring1][=C][C][Ring1][N][=C][Ring1][#Branch2][Ring1][=Branch1],7.304721495123281,train
[O][=C][Branch1][C][O][C][=C][C][=C][C][=C][Ring1][=Branch1][O],8.723533685458605,train
[O][=C][C][=C][C][=C][C][=C][C][=C][C][=C][C][=C][Ring1][=Branch1][C][=Branch1][=Branch1][=C][Ring1][=C][Ring1][#Branch2][C][=Branch1][C][=O][N][Ring2][Ring1][C][C][C][=C][C][=C][C][=N][Ring1][=Branch1],7.211602192314735,train
[O][=C][C][=C][Branch1][=Branch2][C][Branch1][C][F][Branch1][C][F][F][C][=C][C][=C][C][=Branch1][#Branch1][=C][Ring1][=Branch1][O][Ring1][=C][C][C][C][N][Ring1][Branch2][C][C][C][Ring1][N],7.50822205160356,train
[C][=C][C][=C][C][Branch2][Ring1][O][C][=C][C][Branch1][Branch2][C][=N][C][=C][S][Ring1][Branch1][=N][C][Branch1][Branch2][C][=N][C][=C][S][Ring1][Branch1][=C][Ring1][S][=C][C][=C][C][=C][C][Ring1][=Branch1][=C][C][Ring2][Ring1][#Branch2][=C][Ring2][Ring1][=C],6.923471065122677,train
[O][=C][C][=C][C][=C][C][=C][C][=C][C][=C][C][=C][C][=C][Ring1][=C][C][Ring1][N][=C][Ring1][#Branch2][Ring1][=Branch1],7.569610734243986,train
[O][=S][=Branch1][C][=O][Branch1][C][O][C][=C][C][=C][C][=C][C][=C][C][Branch1][#Branch2][N][C][=C][C][=C][C][=C][Ring1][=Branch1][=C][Ring1][P][Ring1][=N],6.897299566270536,train
[O][=C][C][=C][C][=C][C][=C][Ring1][=Branch1][S][C][=C][C][=C][C][=C][Ring1][=C][Ring1][=Branch1],7.825580229808025,train
[N][C][=C][C][=C][C][=N][Ring1][=Branch1],8.029034263583466,train
[C][C][=Branch1][C][=O][C][C][=C][N][C][=C][Branch2][Ring1][Branch1][C][Branch1][N][C][=C][C][=C][Branch1][C][F][C][=C][Ring1][#Branch1][=C][Ring1][N][C][=Ring1][S][C][N][Branch2][Ring1][C][C][C][C][N][C][=Branch1][C][=O][O][C][Branch1][C][C][Branch1][C][C][C][C][Ring2][Ring1][#Branch2][=O],7.089945501385924,train
[C][=C][C][=C][Branch2][Branch1][C][N][C][=N][C][Branch1][#Branch2][N][C][=C][C][=C][C][=C][Ring1][=Branch1][=N][C][Branch2][Ring1][#Branch2][N][C][=C][C][=C][C][=C][C][=C][C][=C][C][=C][C][=C][Ring1][=C][C][Ring1][N][=C][Ring1][#Branch2][Ring1][=Branch1][=N][Ring2][Ring1][=C][C][=C][Ring2][Ring2][Branch1],6.412901427425974,train
[O][=C][Branch1][C][O][C][=C][C][=C][C][=C][Ring1][=Branch1][O],8.723533685458605,train
[O][=C][N][C][=Branch1][C][=O][C][=C][C][=C][Branch1][=Branch2][N][C][C][O][C][C][Ring1][=Branch1][C][=C][C][=C][C][Ring2][Ring1][Ring1][=C][Ring1][S][Ring1][=Branch1],7.519990644573379,train
[C][C][Branch1][C][C][C][C][Branch2][Ring1][O][N][C][C][=C][C][=C][C][=C][C][=C][C][=C][C][=C][C][=C][Ring1][=C][C][Ring1][N][=C][Ring1][#Branch2][Ring1][=Branch1][C][C][Branch1][C][C][Branch1][C][C][N][Ring2][Ring1][O],6.3489391378942015,train
[C][C][N][Branch1][Ring1][C][C][C][=C][C][=C][Branch2][Ring2][Ring2][C][=N][C][=C][Branch1][P][C][=C][Ring1][=Branch1][C][=C][C][=C][C][=C][Ring1][=Branch1][C][C][Ring1][#Branch2][C][=C][C][=C][C][=C][Ring1][=Branch1][C][C][Ring2][Ring1][Ring2][C][=C][Ring2][Ring1][N],6.115776424932565,train
[N][#C][C][=C][C][=C][C][=C][Branch1][C][O][C][=C][Ring1][#Branch1][O][C][Ring1][O][=O],8.820320707075407,train
[C][C][N][Branch1][Ring1][C][C][C][=C][C][=C][C][=C][Branch2][Ring1][C][C][=C][N][C][=C][Branch1][Ring1][O][C][C][=C][C][Ring1][Branch2][=N][Ring1][O][C][=Branch1][C][=O][O][C][Ring2][Ring1][C][=C][Ring2][Ring1][=Branch1],6.470904537257836,train
[C][O][C][=N][C][Branch2][Ring1][#Branch2][N][C][=C][C][=C][C][=C][C][=C][C][=C][C][=C][C][=C][Ring1][=C][C][Ring1][N][=C][Ring1][#Branch2][Ring1][=Branch1][=N][C][Branch1][Ring1][O][C][=N][Ring2][Ring1][=Branch2],6.81383403311827,train
[N][#C][C][=C][C][=C][C][NH1][C][=C][C][Ring1][=Branch2][=Ring1][Branch1],8.194811787484152,train
[C][O][C][=N][N][=C][Branch1][C][Cl][N][=N][Ring1][#Branch1],8.178318008511265,train
[C][O][C][=C][C][=C][C][=C][Ring1][=Branch1][C][=N][C][Branch1][=Branch2][C][=C][C][=C][C][=C][Ring1][=Branch1][=C][C][=C][C][=C][N][Ring1][#C][Ring1][=Branch1],6.412332332777999,train
[O][=C][C][=C][C][=C][C][=C][C][=C][Ring1][=Branch1][O][Ring1][#Branch2],8.944567111051114,train
[O][=C][C][=C][C][=C][C][=C][Ring1][=Branch1][S][C][=C][C][=C][C][=C][Ring1][=C][Ring1][=Branch1],7.825580274815718,train
[C][O][C][=C][C][=C][C][=C][C][Ring1][=Branch1][=C][Branch1][Ring1][O][C][C][=C][Ring1][N][C][=C][Branch1][C][C][C][=C][C][Branch1][Ring1][O][C][=C][Ring1][=Branch2][N][Ring1][N][C],6.285788131083051,train
[O][=C][Branch1][C][O][C][=C][C][=C][C][=C][Ring1][=Branch1][O],8.723533685458605,train
[N][#C][C][=C][C][=C][C][=C][Branch1][C][O][C][=C][Ring1][#Branch1][O][C][Ring1][O][=O],8.820320707075407,train
[C][=C][C][=C][C][=C][Branch2][Ring1][O][C][=C][C][Branch1][Branch2][C][=N][C][=C][S][Ring1][Branch1][=N][C][Branch1][Branch2][C][=N][C][=C][S][Ring1][Branch1][=C][Ring1][S][C][=C][C][Ring2][Ring1][=Branch1][=C][Ring2][Ring1][#Branch2],7.215578350137915,train
[O][=C][C][=C][C][=C][C][=C][Branch1][O][N][C][C][=C][C][=C][C][=N][Ring1][=Branch1][C][=C][C][=C][C][=C][Ring1][=Branch1][C][=Branch1][Branch2][=C][Ring2][Ring1][=Branch1][Ring2][Ring1][C][C][=Branch1][C][=O][N][Ring2][Ring1][#Branch2][C][C][=C][C][=C][C][=N][Ring1][=Branch1],6.457524472853348,train
[O][=C][C][=C][C][=C][C][=C][Ring1][=Branch1][S][C][=C][C][=C][C][=C][Ring1][=C][Ring1][=Branch1],7.825580274815718,train
[O][=C][Branch1][C][O][C][=C][C][=C][C][=C][C][=C][C][=C][C][=C][C][=C][Ring1][=C][C][Ring1][N][=C][Ring1][#Branch2][Ring1][=Branch1],7.479779324868885,train
[N][#C][C][=C][C][=C][C][=C][NH1][C][Ring1][Branch1][=C][Ring1][=Branch2],8.213624157740476,train
[N][#C][C][=C][C][=C][C][=C][C][=C][Ring1][=Branch1][NH1][Ring1][=Branch2],8.276381340218308,train
[C][C][N][Branch1][Ring1][C][C][C][=C][C][=C][Branch2][Ring2][Ring2][C][=N][C][=C][Branch1][P][C][=C][Ring1][=Branch1][C][=C][C][=C][C][=C][Ring1][=Branch1][C][C][Ring1][#Branch2][C][=C][C][=C][C][=C][Ring1][=Branch1][C][C][Ring2][Ring1][Ring2][C][=C][Ring2][Ring1][N],6.1060034531799525,train
[O][=C][C][=C][C][=C][C][=C][C][=C][Ring1][=Branch1][O][Ring1][#Branch2],8.944567111051114,train
[Cl][C][=N][C][Branch1][C][Cl][=N][C][Branch2][Ring2][Ring1][N][C][=C][C][=C][C][=C][C][=C][C][=C][C][=C][C][Branch1][=C][C][=C][C][=C][C][Ring2][Ring1][C][=C][Ring1][=Branch1][Ring1][S][=C][Ring1][N][Ring1][S][=N][Ring2][Ring1][N],6.802477518596702,train
[C][=C][C][=C][C][=Branch1][#Branch2][=C][C][=C][C][Ring1][=Branch1][=C][Ring1][#Branch2][C][Branch2][Ring2][Branch2][N][C][C][O][C][C][O][C][C][N][Branch2][Ring1][Ring1][C][=N][C][=C][C][=C][C][=C][C][=C][C][Ring1][O][=C][Ring1][#Branch2][Ring1][=Branch1][C][C][O][C][C][Ring2][Ring1][O][=N][Ring2][Ring2][Branch1],6.212963076298927,train
[Cl][P][Branch1][C][Cl][=N][P][Branch1][C][Cl][Branch1][C][Cl][=N][P][Branch1][C][Cl][Branch2][Ring1][#Branch2][O][C][=C][C][=C][C][=C][C][=C][C][=C][C][=C][C][=C][Ring1][=C][C][Ring1][N][=C][Ring1][#Branch2][Ring1][=Branch1][=N][Ring2][Ring1][O],7.45505306276391,train
[N][#C][C][=C][C][=C][NH1][C][=C][C][Ring1][Branch1][=C][Ring1][=Branch2],8.255335166652646,train
[O][=C][C][=C][C][=C][C][=C][C][=C][Ring1][=Branch1][O][Ring1][#Branch2],8.944567111051114,train
[N][#C][C][=C][C][=C][C][=C][C][=C][Ring1][=Branch1][NH1][Ring1][=Branch2],8.27627495207981,train
[N][#C][C][=C][C][=C][C][C][=C][NH1][C][Ring1][=Branch2][=Ring1][Branch1],8.257472840521267,train
[F][C][=C][C][=C][Branch1][S][N][C][=C][C][=C][C][=C][C][=C][C][Ring1][=Branch1][=N][Ring1][#Branch2][C][=C][Ring1][P],7.2450047656624,train
[O][=C][C][=C][C][=C][C][=C][C][=C][Ring1][=Branch1][O][Ring1][#Branch2],8.944567111051114,train
[C][C][N][=C][Branch1][=N][C][=C][C][Branch1][C][F][=C][C][=C][Ring1][#Branch1][O][N][C][=Ring1][=N][C][C][C][C][Ring1][=Branch1],7.130716213404962,train
[C][C][O][C][=Branch1][C][=O][C][N][C][=Branch1][C][=O][C][=C][Branch1][=N][C][=C][C][=C][Branch1][Ring1][C][#N][C][=C][Ring1][Branch2][N][Branch1][=Branch2][C][C][=Branch1][C][=O][O][C][C][C][=Branch1][C][=O][C][Ring2][Ring1][Ring2][=C][Ring2][Ring1][Branch2][C][=C][C][=C][Branch1][Ring1][C][#N][C][=C][Ring1][Branch2],7.580945371017788,train
[N][#C][C][=C][C][=C][C][=C][Branch1][C][O][C][=C][Ring1][#Branch1][O][C][Ring1][O][=O],8.820320707075407,train
[O][=C][Branch1][C][O][C][=C][C][=C][C][=C][Ring1][=Branch1][O],8.723533685458605,train
[N][#C][C][=C][C][=C][NH1][C][=C][C][Ring1][Branch1][=C][Ring1][=Branch2],8.255349645131016,train
[O][=C][C][=C][C][=C][C][=C][C][=C][Ring1][=Branch1][O][Ring1][#Branch2],8.944567111051114,train
[N][C][=C][C][=C][C][=C][C][=C][C][=C][C][=C][C][=Branch1][Ring2][=C][Ring1][=C][C][Ring1][=N][=C][Ring1][O][Ring1][#Branch1],6.947887289923577,train
[O][=C][C][=C][C][=C][C][=C][C][=C][Ring1][=Branch1][O][Ring1][#Branch2],8.944567111051114,train
[C][C][O][C][=C][C][=C][C][Branch2][Ring1][C][C][=N][C][Branch1][=Branch2][C][=C][C][=C][C][=C][Ring1][=Branch1][=N][O][Ring1][O][=C][C][=Branch1][C][=O][O][C][Ring2][Ring1][C][=C][Ring2][Ring1][=Branch1],7.886869984288308,train
[C][C][C][=C][C][=C][Branch1][S][N][C][=C][C][=C][C][=C][C][=C][C][Ring1][=Branch1][=N][Ring1][#Branch2][C][=C][Ring1][P],6.878056923316209,train
[N][#C][C][=C][NH1][C][=C][C][=C][C][=C][Ring1][=Branch2][Ring1][=Branch1],8.23331445489184,train
[C][O][C][=C][C][=C][C][Branch2][Ring1][Branch1][C][=N][C][Branch1][N][C][=C][C][=C][C][Branch1][C][Br][=C][Ring1][#Branch1][=N][O][Ring1][N][=C][C][=Branch1][C][=O][O][C][Ring2][Ring1][Ring1][=C][Ring2][Ring1][#Branch1],7.912701715558989,train
[O][=C][O][C][=C][C][=C][C][=C][Ring1][=Branch1][C][=C][Ring1][#Branch2][C][=C][C][=C][Branch1][S][C][=C][C][=C][C][=C][C][=C][Ring1][=Branch1][O][C][Ring1][#Branch2][=O][C][=C][Ring1][P],7.374359611774769,train
[C][N][C][C][C][C][=C][C][C][Branch1][=Branch2][C][Branch1][C][F][Branch1][C][F][F][=C][C][=Branch1][C][=O][O][C][=Ring1][O][C][=C][Ring1][#C][Ring2][Ring1][Ring1],7.680420958547811,train
[N][#C][C][=C][NH1][C][=C][C][=C][C][=C][Ring1][=Branch2][Ring1][=Branch1],8.233315883844046,train
[N][#C][C][=C][C][=C][C][=C][Branch1][C][O][C][=C][Ring1][#Branch1][O][C][Ring1][O][=O],8.820320707075407,train
[C][C][=C][C][=Branch1][C][=O][O][C][=C][C][=C][Branch1][#Branch1][C][=C][Ring1][O][Ring1][=Branch1][C][C][C][N][Ring1][Branch2][C][C][C][Ring1][N],6.991245678460998,train
[C][N][Branch1][C][C][C][=C][C][=C][Branch2][Ring2][Ring2][C][=N][C][=C][Branch1][P][C][=C][Ring1][=Branch1][C][=C][C][=C][C][=C][Ring1][=Branch1][C][C][Ring1][#Branch2][C][=C][C][=C][C][=C][Ring1][=Branch1][C][C][Ring2][Ring1][Ring2][C][=C][Ring2][Ring1][N],6.146685515492405,train
[N][#C][C][=C][C][=C][C][C][=C][NH1][C][Ring1][=Branch2][=Ring1][Branch1],8.257488381305517,train
[N][#C][C][=C][C][=C][C][=C][NH1][C][Ring1][Branch1][=C][Ring1][=Branch2],8.213626715367216,train
[C][=C][C][=C][Branch2][Branch1][Ring2][N][C][=N][C][Branch1][#Branch2][N][C][=C][C][=C][C][=C][Ring1][=Branch1][=N][C][Branch2][Ring1][N][N][C][=C][C][=C][C][=C][C][=C][C][=C][C][=C][C][=Branch1][Ring2][=C][Ring1][=C][C][Ring1][=N][=C][Ring1][O][Ring1][#Branch1][=N][Ring2][Ring1][=C][C][=C][Ring2][Ring2][Branch1],6.552671276476848,train
[C][N][Branch1][C][C][C][=C][C][=C][Branch2][Ring2][=N][C][=N][C][=C][Branch2][Ring1][Branch1][C][=C][Ring1][=Branch1][C][=C][C][=C][Branch1][Ring1][C][#N][C][=C][Ring1][Branch2][C][C][Ring1][N][C][=C][C][=C][Branch1][Ring1][C][#N][C][=C][Ring1][Branch2][C][C][Ring2][Ring1][Branch2][C][=C][Ring2][Ring1][S],6.566333893446983,train
[C][=C][C][=C][C][=C][Branch2][Ring1][O][C][=C][C][Branch1][Branch2][C][=N][C][=C][S][Ring1][Branch1][=N][C][Branch1][Branch2][C][=N][C][=C][S][Ring1][Branch1][=C][Ring1][S][C][=C][C][Ring2][Ring1][=Branch1][=C][Ring2][Ring1][#Branch2],7.211728935478672,train
[C][=C][C][=C][C][=C][Branch1][#C][C][=C][C][=C][C][=C][C][=C][C][=C][Ring1][#Branch2][Ring1][=Branch1][C][=C][C][=C][Branch1][P][C][=C][C][=C][C][=Branch1][Ring2][=C][Ring1][=Branch1][O][C][=C][N][Ring1][#Branch1][N][=C][Ring2][Ring1][=C][Ring1][S],6.121688850684904,train
[O][=C][C][=C][C][=C][C][=C][C][=C][Ring1][=Branch1][O][Ring1][#Branch2],8.944567111051114,train
[N][#C][C][=C][C][=C][C][=C][NH1][C][Ring1][Branch1][=C][Ring1][=Branch2],8.213643954605459,train
[C][N][Branch1][C][C][C][=C][C][=C][Branch2][Ring2][Ring2][C][=N][C][=C][Branch1][P][C][=C][Ring1][=Branch1][C][=C][C][=C][C][=C][Ring1][=Branch1][C][C][Ring1][#Branch2][C][=C][C][=C][C][=C][Ring1][=Branch1][C][C][Ring2][Ring1][Ring2][C][=C][Ring2][Ring1][N],6.114419110014256,train
[O][=C][Branch1][C][O][C][=C][C][=C][C][=C][C][=C][C][=C][C][=C][C][=C][Ring1][=C][C][Ring1][N][=C][Ring1][#Branch2][Ring1][=Branch1],7.505384659985709,train
[O][=C][Branch1][C][O][C][=C][C][Branch1][C][O][=C][Branch1][C][O][C][Branch1][C][O][=C][Ring1][=Branch2],8.454799036598267,train
[N][C][=C][C][=N][C][=C][Ring1][=Branch1],8.082054390826404,train
[C][C][C][C][C][=C][C][Branch1][Ring1][C][=O][=C][C][=C][C][=C][Branch1][Branch1][C][C][C][C][C][=C][Branch1][=Branch2][N][C][C][C][C][C][Ring1][=Branch1][C][=C][C][=C][Ring2][Ring1][#Branch2][C][Ring2][Ring1][=Branch1][=C][Ring2][Ring1][Ring2][Ring1][=Branch1],6.167141683020303,train
[C][O][C][=C][C][=C][C][C][=C][Branch1][Ring1][C][#N][C][=Branch1][C][=N][O][C][Ring1][=N][=Ring1][=Branch2],8.103147106063243,train
[O][=C][Branch1][C][O][C][=C][C][=C][C][=C][Ring1][=Branch1][O],8.723533685458605,train
[N][#C][C][=C][C][=C][C][NH1][C][=C][C][Ring1][=Branch2][=Ring1][Branch1],8.194761673391714,train
[N][#C][C][=C][C][=C][C][=C][Branch1][C][O][C][=C][Ring1][#Branch1][O][C][Ring1][O][=O],8.820320707075407,train
[C][C][N][=C][Branch1][#Branch2][C][=C][C][=C][C][=C][Ring1][=Branch1][O][N][C][=Ring1][N][C][C][C][C][Ring1][=Branch1],6.926882861257629,train
[C][C][C][C][C][=C][C][Branch1][Branch2][C][=Branch1][C][=O][C][C][C][=C][C][=C][C][=C][Branch1][Branch1][C][C][C][C][C][=C][Branch1][=Branch2][N][C][C][C][C][C][Ring1][=Branch1][C][=C][C][=C][Ring2][Ring1][=N][C][Ring2][Ring1][=Branch1][=C][Ring2][Ring1][Ring2][Ring1][=Branch1],6.0191756398786,train
[N][C][=C][C][=C][C][Branch1][=Branch2][C][Branch1][C][F][Branch1][C][F][F][=C][C][=Branch1][C][=O][O][C][Ring1][O][=C][Ring1][#C],8.476545038010507,train
[O][=C][Branch1][C][O][C][=C][C][=C][C][=C][Ring1][=Branch1][O],8.723533685458605,train
[C][C][C][C][C][C][C][C][C][C][C][C][O][C][=C][C][=C][C][Branch1][=Branch1][N][Branch1][C][C][C][=C][C][=C][Ring1][=Branch2][C][=C][Ring1][=N][C][=O],6.762437349999462,train
[O][=C][C][=C][C][=C][C][=C][C][=C][Ring1][=Branch1][O][Ring1][#Branch2],8.944567111051114,train
[C][=C][C][=C][Branch2][Ring2][N][C][=C][C][=C][Branch2][Ring1][S][N][C][=C][C][=C][C][=C][Ring1][=Branch1][NH1][C][=C][Ring1][Branch1][C][=C][C][C][=C][C][=C][C][=C][Ring1][=Branch1][NH1][C][=Ring1][=Branch2][Ring1][=N][C][=N][Ring2][Ring1][O][N][=C][Ring2][Ring1][P],6.21153430253007,train
[N][#C][C][=C][C][=C][NH1][C][=C][C][Ring1][Branch1][=C][Ring1][=Branch2],8.255354570040609,train
[O][=C][C][=C][C][=C][C][=C][C][=C][Ring1][=Branch1][O][Ring1][#Branch2],8.944567111051114,train
[C][O][C][=C][C][=C][C][=C][C][Ring1][=Branch1][=C][Branch1][Ring1][O][C][C][=C][Ring1][N][C][=C][C][Branch1][C][F][=C][C][=C][Ring1][#Branch1][N][Ring1][#Branch2][C],6.642109852585212,train
[C][O][C][=C][C][=C][C][=C][C][Ring1][=Branch1][=C][Branch1][Ring1][O][C][C][=C][Ring1][N][C][=C][Branch1][C][C][C][=C][C][Branch1][Ring1][O][C][=C][Ring1][=Branch2][N][Ring1][N][C],6.216606794488761,train
[O][=C][Branch1][C][O][C][=C][C][=C][C][=C][Ring1][=Branch1][O],8.723533685458605,train
[C][C][Branch1][C][C][C][C][Branch2][Ring1][O][N][C][C][=C][C][=C][C][=C][C][=C][C][=C][C][=C][C][=C][Ring1][=C][C][Ring1][N][=C][Ring1][#Branch2][Ring1][=Branch1][C][C][Branch1][C][C][Branch1][C][C][N][Ring2][Ring1][O],6.345001989000864,train
[C][C][C][C][C][C][C][C][C][C][C][C][O][C][=C][C][=C][C][Branch1][=Branch1][N][Branch1][C][C][C][=C][C][=C][Ring1][=Branch2][C][=C][Ring1][=N][C][=O],6.787122054092412,train
[C][C][C][C][C][=C][C][Branch1][Ring1][C][=O][=C][C][=C][C][=C][Branch1][Branch1][C][C][C][C][C][=C][Branch1][=Branch2][N][C][C][C][C][C][Ring1][=Branch1][C][=C][C][=C][Ring2][Ring1][#Branch2][C][Ring2][Ring1][=Branch1][=C][Ring2][Ring1][Ring2][Ring1][=Branch1],6.190249997431397,train
[C][C][N][Branch1][Ring1][C][C][C][=C][C][=C][C][Branch1][C][C][=C][C][=Branch1][C][=O][O][C][Ring1][Branch2][=C][Ring1][N],7.137576447975181,train
[O][=C][C][=C][C][=C][C][=C][C][=C][Ring1][=Branch1][O][Ring1][#Branch2],8.944567111051114,train
[N][#C][C][=C][C][=C][C][=C][C][=C][Ring1][=Branch1][NH1][Ring1][=Branch2],8.276302493799047,train
[C][N][Branch1][C][C][C][=C][C][=C][Branch2][Ring2][Ring2][C][=N][C][=C][Branch1][P][C][=C][Ring1][=Branch1][C][=C][C][=C][C][=C][Ring1][=Branch1][C][C][Ring1][#Branch2][C][=C][C][=C][C][=C][Ring1][=Branch1][C][C][Ring2][Ring1][Ring2][C][=C][Ring2][Ring1][N],6.112770059581936,train
[C][S][C][=C][C][=C][C][=C][C][=C][Branch2][Ring1][Branch2][C][=C][Branch1][Branch2][C][C][=C][O][C][=Ring1][Branch1][C][=C][C][=C][C][=C][C][=C][Ring1][#C][Ring1][=Branch1][C][=C][C][Ring2][Ring1][#Branch2][=C][Ring2][Ring1][=Branch2][Ring2][Ring1][Branch1],6.599648456745835,train
[C][O][C][=C][C][=C][C][=C][C][Ring1][=Branch1][=C][Branch1][Ring1][O][C][C][=C][Ring1][N][C][=C][Branch1][C][F][C][=C][C][=C][Ring1][#Branch1][N][Ring1][#Branch2][C],6.555726160842281,train
[C][C][N][Branch1][Ring1][C][C][C][=C][C][=C][N][=C][C][=C][C][=C][C][=C][Ring1][=Branch1][C][=Branch1][C][=O][C][=C][Ring1][O][O][C][Ring1][#C][=C][Ring2][Ring1][Ring1],7.111358746479104,train
[C][O][C][=C][C][=C][C][Branch2][Ring1][Branch1][C][=N][C][Branch1][N][C][=C][C][=C][C][Branch1][C][C][=C][Ring1][#Branch1][=N][O][Ring1][N][=C][C][=Branch1][C][=O][O][C][Ring2][Ring1][Ring1][=C][Ring2][Ring1][#Branch1],7.770153499382396,train
[C][C][N][Branch1][Ring1][C][C][C][=C][C][=C][N][=C][C][=C][C][=C][C][=C][Ring1][=Branch1][C][=Branch1][C][=O][C][=C][Ring1][O][O][C][Ring1][#C][=C][Ring2][Ring1][Ring1],6.871172326678743,train
[C][=C][C][=C][Branch2][Ring2][=C][N][C][=N][C][Branch1][#Branch2][N][C][=C][C][=C][C][=C][Ring1][=Branch1][=N][C][Branch2][Ring1][=Branch1][N][C][=C][C][=C][C][=C][C][=C][C][=C][C][Ring1][=Branch1][=C][C][Ring1][#Branch2][=C][Ring1][=C][=N][Ring2][Ring1][N][C][=C][Ring2][Ring2][Ring1],6.445431261759722,train
[N][#C][C][=C][C][Branch1][Ring1][C][#N][=C][Branch2][Ring2][O][C][=C][C][=C][C][=C][C][=C][Branch2][Ring1][Branch2][C][=C][C][=C][S][C][=C][C][=C][Branch1][Ring1][C][=O][C][=C][Ring1][Branch2][C][Ring1][O][=C][Ring1][#C][C][Ring2][Ring1][Branch1][=N][Ring2][Ring1][=Branch2][C][Branch1][Ring1][C][#N][=C][Ring2][Ring2][Ring1],7.339389258160298,train
[C][C][N][Branch1][Ring1][C][C][C][=C][C][=C][N][=C][C][=C][C][=C][C][=C][Ring1][=Branch1][C][=Branch1][C][=O][C][=C][Ring1][O][O][C][Ring1][#C][=C][Ring2][Ring1][Ring1],6.883652581651275,train
[N][#C][C][=C][C][=C][C][=C][C][=C][Ring1][=Branch1][NH1][Ring1][=Branch2],8.276299799707136,train
[O][=S][=Branch1][C][=O][C][=C][C][=C][C][=C][Ring1][=Branch1][C][=C][C][Branch2][Ring2][Ring2][C][Branch2][Ring1][=Branch2][C][=C][C][=C][S][C][C][=C][C][=C][C][=C][Ring1][=Branch1][S][C][=Ring1][=Branch2][C][Ring1][N][=C][Ring1][S][N][C][=C][C][=C][Ring1][Branch1][=C][C][=C][Ring2][Ring1][N][Ring2][Ring2][Ring2],6.940739536299174,train
[O][=C][Branch1][C][O][C][=C][C][=C][C][=C][Ring1][=Branch1][O],8.723533685458605,train
[O][=C][Branch1][C][O][C][=C][C][=C][Branch2][Ring1][Branch2][C][=Branch1][C][=O][O][C][Branch1][=Branch2][C][C][=C][C][=C][NH1][Ring1][Branch1][C][C][=C][NH1][C][=Ring1][Branch1][C][=C][Ring2][Ring1][Branch1],7.253903257387592,train
[C][C][N][Branch1][Ring1][C][C][C][=C][C][=C][N][=C][C][=C][C][=C][C][=C][Ring1][=Branch1][C][=Branch1][C][=O][C][=C][Ring1][O][O][C][Ring1][#C][=C][Ring2][Ring1][Ring1],6.871170671953251,train
[O][=C][C][=C][C][=C][C][=C][C][=C][Ring1][=Branch1][O][Ring1][#Branch2],8.944567111051114,train
[C][C][C][C][C][=C][C][Branch1][Branch2][C][=Branch1][C][=O][C][C][C][=C][C][=C][C][=C][Branch1][Branch1][C][C][C][C][C][=C][Branch1][=Branch2][N][C][C][C][C][C][Ring1][=Branch1][C][=C][C][=C][Ring2][Ring1][=N][C][Ring2][Ring1][=Branch1][=C][Ring2][Ring1][Ring2][Ring1][=Branch1],6.0349739899184565,train
[O][=C][Branch1][C][O][C][=C][C][=C][C][=C][Ring1][=Branch1][O],8.723533685458605,train
[C][O][C][=C][C][=C][C][=Branch1][Ring2][=C][Ring1][=Branch1][C][=C][Branch1][Ring1][O][C][C][=C][C][=C][C][=C][Ring1][=Branch1][C][Branch1][Ring1][O][C][=C][Ring1][=C][N][Ring2][Ring1][C][C],6.349354273080595,train
[C][C][Branch1][C][C][C][C][Branch2][Ring1][O][N][C][C][=C][C][=C][C][=C][C][=C][C][=C][C][=C][C][=C][Ring1][=C][C][Ring1][N][=C][Ring1][#Branch2][Ring1][=Branch1][C][C][Branch1][C][C][Branch1][C][C][N][Ring2][Ring1][O],6.399797302835583,train
[O][=C][Branch1][C][O][C][=C][C][=C][C][=C][Ring1][=Branch1][O],8.723533685458605,train
[C][O][C][=C][C][=C][Branch2][Ring2][=N][C][=N][C][=C][Branch2][Ring1][Branch1][C][=C][Ring1][=Branch1][C][=C][C][=C][Branch1][Ring1][C][#N][C][=C][Ring1][Branch2][C][C][Ring1][N][C][=C][C][=C][Branch1][Ring1][C][#N][C][=C][Ring1][Branch2][C][C][Ring2][Ring1][Branch2][C][=C][Ring2][Ring1][S],7.087176375469929,train
[O][=C][C][=C][C][=C][C][=C][C][=C][Ring1][=Branch1][O][Ring1][#Branch2],8.944567111051114,train
[N][#C][C][=C][C][=C][C][=C][NH1][C][Ring1][Branch1][=C][Ring1][=Branch2],8.213617643440212,train
[C][C][N][Branch1][Ring1][C][C][C][=C][C][=C][C][Branch1][=Branch2][C][Branch1][C][F][Branch1][C][F][F][=C][C][=Branch1][C][=O][O][C][Ring1][O][=C][Ring1][#C],7.806107198569662,train
[O][=C][C][=C][C][=C][C][=C][Ring1][=Branch1][S][C][=C][C][=C][C][=C][Ring1][=C][Ring1][=Branch1],7.825580229808025,train
[O][=C][Branch1][C][O][C][=C][C][Branch1][C][O][=C][Branch1][C][O][C][Branch1][C][O][=C][Ring1][=Branch2],8.454799036598267,train
[O][=C][C][=C][C][=C][C][=C][C][=C][Ring1][=Branch1][O][Ring1][#Branch2],8.944567111051114,train
[C][C][N][=C][Branch2][Ring1][Ring2][C][=C][C][Branch1][=Branch2][C][Branch1][C][F][Branch1][C][F][F][=C][C][=C][Ring1][#Branch2][O][N][C][=Ring1][S][C][C][C][C][Ring1][=Branch1],7.416622423333572,train
[C][C][N][Branch1][Ring1][C][C][C][=C][C][=C][C][Branch1][=Branch2][C][Branch1][C][F][Branch1][C][F][F][=C][C][=Branch1][C][=O][O][C][Ring1][O][=C][Ring1][#C],7.806107115057943,train
[C][O][C][=C][C][=C][C][=C][C][Ring1][=Branch1][=C][Branch1][Ring1][O][C][C][=C][Ring1][N][C][=C][Branch1][C][C][C][=C][C][Branch1][Ring1][O][C][=C][Ring1][=Branch2][N][Ring1][N][C],6.28577927763632,train
